Code, Name
ABD, Aberdeen
ABD7, Aberdeen Union Street Roadside
ARM6, Armagh Roadside
AH, Aston Hill
ACTH, Auchencorth Moss
BALM, Ballymena Ballykeel
BARN, Barnsley
BAR2, Barnsley 12
BAR3, Barnsley Gawber
BPLE, Barnstaple A39
205006, Bath 6
BATH, Bath Roadside
PHE06, Belfast
BEL2, Belfast Centre
BEL4, Belfast Clara St
BEL, Belfast East
BEL3, Belfast South
BIL, Billingham
BIR, Bircotes
AGRN, Birmingham Acocks Green
BIRM, Birmingham Centre
BIR2, Birmingham East
BHAM, Birmingham Kerbside
BIR1, Birmingham Tyburn
BIRT, Birmingham Tyburn Roadside
BLAR, Blackburn Accrington Road
BLCB, Blackburn Darwen Roadside
BLAC, Blackpool
BLC2, Blackpool Marton
BOLT, Bolton
BOT, Bottesford
BORN, Bournemouth
430006, Bradford 6
BRAD, Bradford Centre
BRN, Brentford Roadside
BRT3, Brighton Preston Park
BRIT, Brighton Roadside
BRT2, Brighton Roadside PM10
BRIS, Bristol Centre
BRS, Bristol East
BRS2, Bristol Old Market
BRS8, Bristol St Paul's
BY1, Bromley Roadside
BURY, Bury Roadside
BUSH, Bush Estate
PHE01, Cambourne
CAMB, Cambridge
CAM, Cambridge Roadside
CA1, Camden Kerbside
CANT, Canterbury
540012, Cardiff 12
CARD, Cardiff Centre
CAR2, Cardiff East
CAR, Cardiff Kerbside
CARL, Carlisle Roadside
CLL, Central London
MACK, Charlton Mackrell
CHAT, Chatham Roadside
CHP, Chepstow A48
CHS6, Chesterfield
CHS7, Chesterfield Roadside
PHE02, Chilton
CHIL, Chilworth
COV2, Coventry Centre
COV3, Coventry Memorial Park
CWMB, Cwmbran
DERY, Derry
2634, Detling
DUD1, Dudley Centre
DUMB, Dumbarton Roadside
DUMF, Dumfries
EA8, Ealing Horn Lane
EK, East Kilbride
EB, Eastbourne
ED, Edinburgh Centre
ED2, Edinburgh Med. Sch.
ED3, Edinburgh St Leonards
ESK, Eskdalemuir
EX, Exeter Roadside
FEA, Featherstone
ZF1, Folkestone Suburban
FW, Fort William
PHE07, Glasgow
GLA3, Glasgow Centre
GLA, Glasgow City Chambers
GLAS, Glasgow Hope St
GLA4, Glasgow Kerbside
GLKP, Glasgow Townhead
GLAZ, Glazebury
1305004, Gloucester 4
101, Goonhilly Downs
GRAN, Grangemouth
GRA2, Grangemouth Moray
GDF, Great Dun Fell
1357508, Halesowen 8
1360017, Halifax 17
HG1, Haringey Roadside
HAR, Harwell
HM, High Muffles
HONI, Honiton
HORE, Horley
HS1, Hounslow Roadside
HOVE, Hove Roadside
HULL, Hull Centre
HUL2, Hull Freetown
PHE08, Inverness
INV2, Inverness
100, Kilmakee Leisure Centre
1732003, Knottingley 3
LB, Ladybower
LEAM, Leamington Spa
LEAR, Leamington Spa Rugby Road
PHE03, Leeds
LEED, Leeds Centre
LED6, Leeds Headingley Kerbside
LDS, Leeds Potternewton
LEIC, Leicester Centre
LECU, Leicester University
LEOM, Leominster
LERW, Lerwick
LIN3, Lincoln Canwick Rd.
LINC, Lincoln Roadside
LIS3, Lisburn Dunmurry High School
LIVR, Liverpool Centre
LV6, Liverpool Queen's Drive Roadside
LVP, Liverpool Speke
PHE04, London
A3, London A3 Roadside
BEX, London Bexley
CLL2, London Bloomsbury
BREN, London Brent
BRI, London Bridge Place
BY2, London Bromley
CAN, London Canvey
CRD, London Cromwell Road
CRD2, London Cromwell Road 2
LON6, London Eltham
HK4, London Hackney
HG2, London Haringey
HG4, London Haringey Priory Park South
HRL, London Harlington
HARR, London Harrow
HR3, London Harrow Stanmore
HIL, London Hillingdon
ISL, London Islington
LW1, London Lewisham
MY1, London Marylebone Road
KC1, London N. Kensington
SK1, London Southwark
SUT3, London Sutton
TED, London Teddington
TED2, London Teddington Bushy Park
LON5, London UCL
WA2, London Wandsworth
HORS, London Westminster
LN, Lough Navar
LH, Lullington Heath
MH, Mace Head
2280011, Manchester 11
MAN3, Manchester Piccadilly
MAN4, Manchester South
MAN, Manchester Town Hall
MANCHU, Manchester University
MKTH, Market Harborough
MID, Middlesbrough
MOLD, Mold
PEMB, Narberth
NEWC, Newcastle Centre
NCA3, Newcastle Cradlewell Roadside
NPT3, Newport
NTON, Northampton
NTN3, Northampton Kingsthorpe
NTO2, Northampton PM10
2430007, Norwich 7
NOR2, Norwich Centre
NO10, Norwich Forum Roadside
NO12, Norwich Lakenfields
NOR1, Norwich Roadside
NOTT, Nottingham Centre
OX, Oxford Centre Roadside
OX8, Oxford St Ebbes
PEEB, Peebles
PLYM, Plymouth Centre
PT, Port Talbot
PT4, Port Talbot Margam
PMTH, Portsmouth
PRES, Preston
READ, Reading
READU, Reading University
REA1, Reading New Town
REDC, Redcar
ROCH, Rochester Stoke
ROTH, Rotherham Centre
RUGE, Rugeley
ECCL, Salford Eccles
SASH, Saltash Callington Road
SALT, Saltash Roadside
OLDB, Sandwell Oldbury
WBRO, Sandwell West Bromwich
SDY, Sandy Roadside
SCUN, Scunthorpe
SCN2, Scunthorpe Town
CW, Shaw Crompton Way
SHE2, Sheffield Centre
SHDG, Sheffield Devonshire Green
SHE, Sheffield Tinsley
SIB, Sibton
SOM, Somerton
2966301, South Kirkby 1
SOUT, Southampton Centre
SEND, Southend-on-Sea
SK5, Southwark A2 Old Kent Road
SK2, Southwark Roadside
OSY, St Osyth
HOPE, Stanford-le-Hope Roadside
STE, Stevenage
STEW, Stewartby
STOC, Stockport
STK4, Stockport Shaw Heath
EAGL, Stockton-on-Tees Eaglescliffe
YARM, Stockton-on-Tees Yarm
STOK, Stoke-on-Trent Centre
STOR, Storrington Roadside
3111502, Strabane 2
SV, Strathvaich
SUND, Sunderland
3170008, Sunderland 8
SUN2, Sunderland Silksworth
SUT1, Sutton Roadside
PHE05, Swansea
SWAN, Swansea
SWA1, Swansea Roadside
THUR, Thurrock
TH2, Tower Hamlets Roadside
WAL, Walsall Alumwell
WAL2, Walsall Willenhall
WAL4, Walsall Woodlands
WAR, Warrington
WL, West London
WEYB, Weybourne
WC, Wharleycroft
WFEN, Wicken Fen
WIG5, Wigan Centre
WIG3, Wigan Leigh
TRAN, Wirral Tranmere
WOLV, Wolverhampton Centre
3696009, Woolwich 9
WRAY, Wray
WREX, Wrexham
YW, Yarner Wood
YK10, York Bootham
YK11, York Fishergate